title	DOI	url	issns	journal	authors	issns1	issns2	published_on	last_updated	cited_by_fbwalls_count	cited_by_feeds_count	cited_by_gplus_count	cited_by_msm_count	cited_by_posts_count	cited_by_rdts_count	cited_by_tweeters_count	cited_by_videos_count	cited_by_accounts_count	cited_by_patents_count	mendeley	altmetric_score	is_oa	author.names	issn	citations	CiteScore	SJR	WebQualis	created	deposited	published.print	doi	indexed	issue	issued	member	page	prefix	publisher	score	source	reference.count	references.count	is.referenced.by.count	type	update.policy	volume	language	short.container.title	published.online	subtitle	archive_	na.
A single bout of downhill running attenuates subsequent level running-induced fatigue	10.1038/s41598-020-76008-2	http://dx.doi.org/10.1038/s41598-020-76008-2	2045-2322	Scientific Reports	Claudio de Oliveira Assumpção			2020	1604318217	0	0	0	0	3	0	3	0	3	0	45	3	TRUE	Claudio de Oliveira Assumpção, Renan Vieira Barreto, Leonardo Coelho Rabello de Lima, Adalgiso Coscrato Cardozo, Maria Imaculada de Lima Montebelo, Helen Reinhart Camargo Catarino, Camila Coelho Greco, Benedito Sergio Denadai	2045-2322	1	7.5	0.9	A1	NA	NA	NA	NA	NA	NA	NA	NA	NA	NA	NA	NA	NA	NA	NA	NA	NA	NA	NA	NA	NA	NA	NA	NA	NA
Are the International Classification of Functioning, Disability and Health (ICF) domains considered in the obstructive sleep apnea instruments? An integrative review	10.1007/s11325-020-02173-3	http://dx.doi.org/10.1007/s11325-020-02173-3	1520-9512	Sleep and Breathing	Francisca Soraya Lima Silva			2020	1598991123	0	0	0	0	1	0	1	0	1	0	31	1	FALSE	Francisca Soraya Lima Silva, João Paulo da Silva Bezerra, Beatriz Carneiro Mota, Ana Cecília Silva de Oliveira, Manoel Alves Sobreira-Neto, Shamyr Sulyvan de Castro, Camila Ferreira Leite	1520-9512	4	4.9	0.753	A4	NA	NA	NA	NA	NA	NA	NA	NA	NA	NA	NA	NA	NA	NA	NA	NA	NA	NA	NA	NA	NA	NA	NA	NA	NA
Assessing physical activity in people with mental illness: 23-country reliability and validity of the simple physical activity questionnaire (SIMPAQ)	10.1186/s12888-020-2473-0	http://dx.doi.org/10.1186/s12888-020-2473-0	1471-244X	BMC Psychiatry	S. Rosenbaum			2020	1656051077	1	0	0	0	95	0	75	0	76	0	282	51	TRUE	S. Rosenbaum, R. Morell, A. Abdel-Baki, M. Ahmadpanah, T. V. Anilkumar, L. Baie, A. Bauman, S. Bender, J. Boyan Han, S. Brand, S. Bratland-Sanda, J. Bueno-Antequera, A. Camaz Deslandes, L. Carneiro, A. Carraro, C. P. Castañeda, F. Castro Monteiro, J. Chapman, J. Y. Chau, L. J. Chen, B. Chvatalova, L. Chwastiak, G. Corretti, M. Dillon, C. Douglas, S. T. Egger, F. Gaughran, M. Gerber, E. Gobbi, K. Gould, M. Hatzinger, E. Holsboer-Trachsler, Z. Hoodbhoy, C. Imboden, P. S. Indu, R. Iqbal, F. R. Jesus-Moraleida, S. Kondo, P. W. Ku, O. Lederman, E. H. M. Lee, B. Malchow, E. Matthews, P. Mazur, A. Meneghelli, A. Mian, B. Morseth, D. Munguia-Izquierdo, L. Nyboe, B. O’Donoghue, A. Perram, J. Richards, A. J. Romain, M. Romaniuk, D. Sadeghi Bahmani, M. Sarno, F. Schuch, N. Schweinfurth, B. Stubbs, R. Uwakwe, T. Van Damme, E. Van Der Stouwe, D. Vancampfort, S. Vetter, A. Waterreus, P. B. Ward	1471-244X	71	5.4	1.301	A2	NA	NA	NA	NA	NA	NA	NA	NA	NA	NA	NA	NA	NA	NA	NA	NA	NA	NA	NA	NA	NA	NA	NA	NA	NA
Assessment of religious coping in patients with COPD	10.1590/1806-3713/e20180150	http://dx.doi.org/10.1590/1806-3713/e20180150	0102-3586	Jornal de Pneumologia	Francisco Alessandro Braga do Nascimento			2020	1571937109	0	0	0	0	1	0	1	0	1	0	62	1	TRUE	Francisco Alessandro Braga do Nascimento, Guilherme Pinheiro Ferreira da Silva, Geisyani Francisca Gomes Prudente, Rafael Mesquita, Eanes Delgado Barros Pereira	0102-3586	3	NA	NA	B1	NA	NA	NA	NA	NA	NA	NA	NA	NA	NA	NA	NA	NA	NA	NA	NA	NA	NA	NA	NA	NA	NA	NA	NA	NA
Association Between Low Back Pain and Biomedical Beliefs in Academics of Physiotherapy.	10.1097/brs.0000000000003487	http://dx.doi.org/10.1097/brs.0000000000003487	0362-2436	Spine	Aline Souza Gomes			2020	1642807320	0	0	0	0	15	0	8	0	8	0	36	5	FALSE	Aline Souza Gomes, Arthur de Sá Ferreira, Felipe José Jandre Reis, Fabianna Resende de Jesus-Moraleida, Leandro Alberto Calazans Nogueira, Ney Meziat-Filho	0362-2436	4	5.7	1.221	A1	NA	NA	NA	NA	NA	NA	NA	NA	NA	NA	NA	NA	NA	NA	NA	NA	NA	NA	NA	NA	NA	NA	NA	NA	NA
Autonomous nervous system modulation in supine and standing postures in children with probable developmental coordination disorder	10.1016/j.heliyon.2021.e06111	http://dx.doi.org/10.1016/j.heliyon.2021.e06111	2405-7843	Heliyon	Daniel T. Gama			2021	1612053852	0	0	0	0	1	0	1	0	1	0	31	1	TRUE	Daniel T. Gama, Marcela C. Ferracioli-Gama, José A. Barela, Anielle C.M. Takahashi, Ana Maria Pellegrini, Cynthia Y. Hiraga	2405-7843	3	NA	NA	A4	NA	NA	NA	NA	NA	NA	NA	NA	NA	NA	NA	NA	NA	NA	NA	NA	NA	NA	NA	NA	NA	NA	NA	NA	NA
Biopsychosocial model in health care: reflections in the production of functioning and disability data	10.1590/1980-5918.033.ao21	http://dx.doi.org/10.1590/1980-5918.033.ao21	0103-5150	Fisioterapia em Movimento	Diego de Sousa Dantas			2020	1586624313	0	0	0	0	2	0	2	0	2	0	53	2	TRUE	Diego de Sousa Dantas, Ana Paula Correa, Cassia Maria Buchalla, Shamyr Sulyvan de Castro, Luciana Castaneda	0103-5150	7	0.3	NA	B1	NA	NA	NA	NA	NA	NA	NA	NA	NA	NA	NA	NA	NA	NA	NA	NA	NA	NA	NA	NA	NA	NA	NA	NA	NA
Can the post-COVID-19 functional status scale discriminate between patients with different levels of fatigue, quality of life and functional performance?	10.1016/j.pulmoe.2022.01.001	http://dx.doi.org/10.1016/j.pulmoe.2022.01.001	2531-0429	Pulmonology	Lara Costa Leite			2022	1656032938	0	0	0	0	35	0	27	0	27	0	44	17	TRUE	Lara Costa Leite, Letícia Carvalho, Darsayanne Marcos de Queiroz, Maria do Socorro Quintino Farias, Vinicius Cavalheri, Dale W. Edgar, Bruno Ribeiro do Amaral Nery, Natalia Vasconcelos Barros, Vinicius Maldaner, Nataly Gurgel Campos, Rafael Mesquita	2531-0429	10	13.0	1.284	A4	NA	NA	NA	NA	NA	NA	NA	NA	NA	NA	NA	NA	NA	NA	NA	NA	NA	NA	NA	NA	NA	NA	NA	NA	NA
Clinical correlates of sarcopenia and falls in Parkinson’s disease	10.1371/journal.pone.0227238	http://dx.doi.org/10.1371/journal.pone.0227238	1932-6203	PLOS ONE	Danielle Pessoa Lima			2020	1606169412	0	0	0	0	10	0	9	0	9	0	120	4	TRUE	Danielle Pessoa Lima, Samuel Brito de Almeida, Janine de Carvalho Bonfadini, João Rafael Gomes de Luna, Madeleine Sales de Alencar, Edilberto Barreira Pinheiro-Neto, Antonio Brazil Viana-Júnior, Samuel Ranieri Oliveira Veras, Manoel Alves Sobreira-Neto, Jarbas de Sá Roriz-Filho, Pedro Braga-Neto	1932-6203	27	6.0	0.839	A1	NA	NA	NA	NA	NA	NA	NA	NA	NA	NA	NA	NA	NA	NA	NA	NA	NA	NA	NA	NA	NA	NA	NA	NA	NA
Clinical Decision Algorithm Associated With Return to Sport After Anterior Cruciate Ligament Reconstruction	10.4085/1062-6050-82-19	http://dx.doi.org/10.4085/1062-6050-82-19	1062-6050	Journal of Athletic Training	Thamlya Rocha Albano			2020	1671119735	0	0	0	0	36	0	17	0	17	0	105	12	TRUE	Thamlya Rocha Albano, Carlos Augusto Silva Rodrigues, Antonio Kayro Pereira Melo, Pedro Olavo de Paula, Gabriel Peixoto Leão Almeida	1062-6050	21	5.7	1.141	A2	NA	NA	NA	NA	NA	NA	NA	NA	NA	NA	NA	NA	NA	NA	NA	NA	NA	NA	NA	NA	NA	NA	NA	NA	NA
Clinimetric properties of the knee extension prone test (KEPT): A new method to assess knee hyperextension deficit	10.1016/j.jbmt.2022.04.002	http://dx.doi.org/10.1016/j.jbmt.2022.04.002	1360-8592	Journal of Bodywork & Movement Therapies	Thamyla Rocha Albano			2022	1664704871	1	0	0	0	95	0	94	0	95	0	14	66	FALSE	Thamyla Rocha Albano, Edson Bruno Vidal Sousa, Ana Lídia Maia Silva, Márcio Almeida Bezerra, Rodrigo Ribeiro de Oliveira, Gabriel Peixoto Leão Almeida, Pedro Olavo de Paula Lima	1360-8592	0	2.5	0.48	A2	NA	NA	NA	NA	NA	NA	NA	NA	NA	NA	NA	NA	NA	NA	NA	NA	NA	NA	NA	NA	NA	NA	NA	NA	NA
Confiabilidade e Validade do World Health Organization Disability Assessment Schedule para Pessoas com Obesidade Mórbida	10.11606/issn.2238-6149.v30i2p94-101	http://dx.doi.org/10.11606/issn.2238-6149.v30i2p94-101	1415-9104	Revista Terapia Ocupacional da USP	Kátia Ariana Borges			2019	1599064099	0	1	0	0	1	0	0	0	1	0	2	6	TRUE	Kátia Ariana Borges, Luana Foroni Andrade, Leidiane Mota de Oliveira Chagas, Maria de Fátima Borges, Shamyr Sulyvan de Castro	1415-9104	0	NA	NA	B2	NA	NA	NA	NA	NA	NA	NA	NA	NA	NA	NA	NA	NA	NA	NA	NA	NA	NA	NA	NA	NA	NA	NA	NA	NA
Cutoff points of adiposity anthropometric indices for low muscle mass screening in middle-aged and older healthy women	10.1186/s12891-021-04532-x	http://dx.doi.org/10.1186/s12891-021-04532-x	1471-2474	BMC Musculoskeletal Disorders	Rafaela Andrade do Nascimento			2021	1629556814	0	0	0	0	1	0	1	0	1	0	27	1	TRUE	Rafaela Andrade do Nascimento, Mariana Carmem Apolinário Vieira, Rafaella Silva dos Santos Aguiar Gonçalves, Mayle Andrade Moreira, Maria Socorro Medeiros de Morais, Saionara Maria Aires da Câmara, Álvaro Campos Cavalcanti Maciel	1471-2474	2	3.5	0.714	A3	NA	NA	NA	NA	NA	NA	NA	NA	NA	NA	NA	NA	NA	NA	NA	NA	NA	NA	NA	NA	NA	NA	NA	NA	NA
Does rest interval between sets affect resistance training volume, density, and rating of perceived exertion when adopting the crescent pyramid system in young women?	10.23736/s0022-4707.20.10612-1	http://dx.doi.org/10.23736/s0022-4707.20.10612-1	0022-4707	Journal of sports medicine and physical fitness	Witalo Kassiano			2020	1705583135	1	0	0	0	7	0	3	3	7	0	51	4	FALSE	Witalo Kassiano, Alexandre I Medeiros, Bruna D de Vasconcelos Costa, Ana D Andrade, Mário A Moura Simim, Leonardo de Sousa Fortes, Edilson S Cyrino, Cláudio de Oliveira Assumpção	0022-4707	0	3.3	0.427	A4	NA	NA	NA	NA	NA	NA	NA	NA	NA	NA	NA	NA	NA	NA	NA	NA	NA	NA	NA	NA	NA	NA	NA	NA	NA
Effects of a power strength training using elastic resistance exercises on the motor and non-motor symptoms in patients with Parkinson’s disease H&Y 1–3: study protocol for a randomised controlled trial (PARK-BAND Study)	10.1136/bmjopen-2020-039941	http://dx.doi.org/10.1136/bmjopen-2020-039941	2044-6055	BMJ Open	Danielle Pessoa Lima			2020	1602628706	0	0	0	0	1	0	1	0	1	0	156	1	TRUE	Danielle Pessoa Lima, Samuel Brito de Almeida, Janine de Carvalho Bonfadini, Emmanuelle Silva Tavares Sobreira, Patrícia Gomes Damasceno, Antonio Brazil Viana Júnior, Madeleine Sales de Alencar, João Rafael Gomes de Luna, Pedro Gustavo Barros Rodrigues, Isabelle de Sousa Pereira, André Luis de Castro Gadelha, Liliane Maria de Oliveira, Érica Carneiro Barbosa Chaves, Vlademir Gomes Carneiro, Rayane Rodrigues Monteiro, Thatyara Almeida de Macedo Costa, Lucas Helal, Joseph Signorile, Lidiane Andréa Oliveira Lima, Manoel Alves Sobreira-Neto, Pedro Braga-Neto	2044-6055	3	4.4	0.971	A1	NA	NA	NA	NA	NA	NA	NA	NA	NA	NA	NA	NA	NA	NA	NA	NA	NA	NA	NA	NA	NA	NA	NA	NA	NA
Effects of individual pelvic floor muscle training vs individual training progressing to group training vs group training alone in women with stress urinary incontinence: A randomized clinical trial	10.1002/nau.24370	http://dx.doi.org/10.1002/nau.24370	0733-2467	Neurourology and Urodynamics	Vilena B. Figueiredo			2020	1606008092	0	0	0	0	7	0	7	0	7	0	111	5	FALSE	Vilena B. Figueiredo, Simony L. Nascimento, Renata F. L. Martínez, Clara T. S. Lima, Cristine H. J. Ferreira, Patricia Driusso	0733-2467	6	4.5	0.683	A2	NA	NA	NA	NA	NA	NA	NA	NA	NA	NA	NA	NA	NA	NA	NA	NA	NA	NA	NA	NA	NA	NA	NA	NA	NA
Effects of vaccine registration on disease prophylaxis: a systematic review	10.1186/s12938-022-01053-z	http://dx.doi.org/10.1186/s12938-022-01053-z	1475-925X	BioMedical Engineering OnLine	Suelia de Siqueira Rodrigues Fleury Rosa			2022	1670233142	0	0	0	0	2	0	1	0	1	0	34	1	TRUE	Suelia de Siqueira Rodrigues Fleury Rosa, Ana Karoline Almeida da Silva, Carolina Ramos dos Santos, Mayla dos Santos Silva, Ana Luísa Pereira Perillo, Arthur Faria Mendonça, Mario Fabrício Fleury Rosa, Thatiane Lima Sampaio, Marcella Lemos Brettas Carneiro, José Carlos Tatmatsu Rocha, Antônio Piratelli-Filho, Allisson Lopes de Oliveira	1475-925X	0	7.0	0.692	A3	NA	NA	NA	NA	NA	NA	NA	NA	NA	NA	NA	NA	NA	NA	NA	NA	NA	NA	NA	NA	NA	NA	NA	NA	NA
Effects of Wearing Compression Stockings on Exercise Performance and Associated Indicators: A Systematic Review	10.2147/oajsm.s198809	http://dx.doi.org/10.2147/oajsm.s198809	1179-1543	Open Access Journal of Sports Medicine	Gustavo R Mota			2020	1713802374	0	0	0	14	38	0	13	0	27	0	99	116	TRUE	Gustavo R Mota, Mário Antônio de Moura Simim, Izabela Aparecida dos Santos, Jeffer Eidi Sasaki, Moacir Marocolo	1179-1543	13	NA	0.6	B2	NA	NA	NA	NA	NA	NA	NA	NA	NA	NA	NA	NA	NA	NA	NA	NA	NA	NA	NA	NA	NA	NA	NA	NA	NA
Epidemiology and associated factors for CrossFit-related musculoskeletal injuries: a cross-sectional study.	10.23736/s0022-4707.20.10364-5	http://dx.doi.org/10.23736/s0022-4707.20.10364-5	0022-4707	Journal of sports medicine and physical fitness	Pedro O Lima			2020	1600461361	0	0	0	0	3	0	3	0	3	0	92	3	FALSE	Pedro O Lima, Mateus B Souza, Tailândia V Sampaio, Gabriel P Almeida, Rodrigo R Oliveira	0022-4707	6	3.3	0.427	A4	NA	NA	NA	NA	NA	NA	NA	NA	NA	NA	NA	NA	NA	NA	NA	NA	NA	NA	NA	NA	NA	NA	NA	NA	NA
Exercise therapy in the treatment of tendinopathies of the lower limbs: a protocol of a systematic review	10.1186/s13643-019-1058-9	http://dx.doi.org/10.1186/s13643-019-1058-9	2046-4053	Systematic Reviews	Yuri Rafael dos Santos Franco			2019	1575200208	0	0	0	0	45	0	44	0	44	0	164	24	TRUE	Yuri Rafael dos Santos Franco, Gisela Cristiane Miyamoto, Katherinne Ferro Moura Franco, Rodrigo Ribeiro de Oliveira, Cristina Maria Nunes Cabral	2046-4053	11	5.9	1.62	A4	NA	NA	NA	NA	NA	NA	NA	NA	NA	NA	NA	NA	NA	NA	NA	NA	NA	NA	NA	NA	NA	NA	NA	NA	NA
Exploring relationships between anthropometric indices of adiposity and physical performance in middle-aged and elderly women: a canonical correlation analysis	10.4178/epih.e2022074	http://dx.doi.org/10.4178/epih.e2022074	1225-3596	Epidemiology and Health	Rafaela Andrade do Nascimento			2022	1665023814	0	0	0	0	2	0	2	0	2	0	7	1	TRUE	Rafaela Andrade do Nascimento, Mariana Carmem Apolinário Vieira, Juliana Fernandes, Ingrid Guerra Azevedo, Mayle Andrade Moreira, José Vilton Costa, Saionara Maria Aires da Câmara, Álvaro Campos Cavalcanti Maciel	1225-3596	0	6.5	NA	A2	NA	NA	NA	NA	NA	NA	NA	NA	NA	NA	NA	NA	NA	NA	NA	NA	NA	NA	NA	NA	NA	NA	NA	NA	NA
Functioning in the fibromyalgia syndrome: validity and reliability of the WHODAS 2.0	10.1186/s42358-021-00216-1	http://dx.doi.org/10.1186/s42358-021-00216-1	2523-3106	Advances in Rheumatology	Marina Carvalho Arruda Barreto			2021	1631803968	0	0	0	0	1	0	1	0	1	0	38	1	TRUE	Marina Carvalho Arruda Barreto, Fabianna Resende Jesus Moraleida, Cristiane Vitaliano Graminha, Camila Ferreira Leite, Shamyr Sulyvan Castro, Ana Carla Lima Nunes	2523-3106	2	4.4	0.704	B2	NA	NA	NA	NA	NA	NA	NA	NA	NA	NA	NA	NA	NA	NA	NA	NA	NA	NA	NA	NA	NA	NA	NA	NA	NA
Hand‐held dynamometer identifies asymmetries in torque of the quadriceps muscle after anterior cruciate ligament reconstruction	10.1007/s00167-018-5245-3	http://dx.doi.org/10.1007/s00167-018-5245-3	0942-2056	Knee Surgery, Sports Traumatology, Arthroscopy	Gabriel Peixoto Leão Almeida			2018	1650009722	0	0	0	0	16	0	15	0	15	0	176	9	FALSE	Gabriel Peixoto Leão Almeida, Thamyla Rocha Albano, Antônio Kayro Pereira Melo	0942-2056	24	8.2	1.785	A1	NA	NA	NA	NA	NA	NA	NA	NA	NA	NA	NA	NA	NA	NA	NA	NA	NA	NA	NA	NA	NA	NA	NA	NA	NA
Interaction of foot and hip factors identifies Achilles tendinopathy occurrence in recreational runners	10.1016/j.ptsp.2020.06.006	http://dx.doi.org/10.1016/j.ptsp.2020.06.006	1466-853X	Physical Therapy in Sport	Victor M L M Ferreira			2020	1652106615	0	0	0	0	15	0	15	0	15	0	77	8	FALSE	Victor M L M Ferreira, Rodrigo R Oliveira, Thamiris S Nazareno, Lucas V Freitas, Luciana D Mendonça	1466-853X	11	4.5	0.873	A3	NA	NA	NA	NA	NA	NA	NA	NA	NA	NA	NA	NA	NA	NA	NA	NA	NA	NA	NA	NA	NA	NA	NA	NA	NA
Intraexaminer and Interexaminer Reproducibility of the Downing Test for Sacroiliac Joint Evaluation of Symptomatic and Asymptomatic Individuals	10.1016/j.jcm.2018.11.007	http://dx.doi.org/10.1016/j.jcm.2018.11.007	1556-3707	Journal of chiropractic medicine (Print)	Pedro O P Lima			2019	1683134825	0	0	0	0	48	0	45	0	45	0	37	25	TRUE	Pedro O P Lima, Wenya P X Melo, Márcio A Bezerra, Gabriel P L Almeida, Ana Carla L Nunes, Rodrigo R Oliveira	1556-3707	2	1.4	0.302	A1	NA	NA	NA	NA	NA	NA	NA	NA	NA	NA	NA	NA	NA	NA	NA	NA	NA	NA	NA	NA	NA	NA	NA	NA	NA
Lateral kinetic proficiency and asymmetry in backstroke start performed with horizontal and vertical handgrips	10.1080/14763141.2018.1522368	http://dx.doi.org/10.1080/14763141.2018.1522368	1476-3141	Sports Biomechanics	Karla De Jesus			2018	1676725514	0	0	0	0	13	0	9	0	9	0	18	6	FALSE	Karla De Jesus, Kelly De Jesus, Pedro Gonçalves, Maria Olga Vasconcelos, Alexandre Igor Araripe Medeiros, Diogo António Duarte Carvalho, Ricardo J Fernandes, João Paulo Vilas-Boas	1476-3141	7	5.1	0.684	A3	NA	NA	NA	NA	NA	NA	NA	NA	NA	NA	NA	NA	NA	NA	NA	NA	NA	NA	NA	NA	NA	NA	NA	NA	NA
Measurement properties of the Brazilian Portuguese anterior cruciate ligament - return to sport after injury (ACL-RSI) scale short version after anterior cruciate ligament reconstruction	10.1016/j.bjpt.2022.100421	http://dx.doi.org/10.1016/j.bjpt.2022.100421	0211-5638	Fisioterapia : organo de la Asociacion Espanola de Fisioterapia.	Thamyla Rocha Albano			2022	1681197543	0	0	0	0	8	0	7	0	7	0	24	5	TRUE	Thamyla Rocha Albano, Pedro Olavo De Paula Lima, Carlos Augusto Silva Rodrigues, Antonio Kayro Pereira Melo, Maria Larissa Azevedo Tavares, Gabriel Peixoto Leão Almeida	0211-5638	1	0.4	0.138	B2	NA	NA	NA	NA	NA	NA	NA	NA	NA	NA	NA	NA	NA	NA	NA	NA	NA	NA	NA	NA	NA	NA	NA	NA	NA
Metabolic syndrome in middle-aged and older women: A cross-sectional study	10.1177/17455065211070673	http://dx.doi.org/10.1177/17455065211070673	1745-5057	Women's Health (08847355)	Mayle Andrade Moreira			2022	1642806583	0	0	0	0	1	0	1	0	1	0	23	1	TRUE	Mayle Andrade Moreira, Saionara Maria Aires da Câmara, Sabrina Gabrielle Gomes Fernandes, Ingrid Guerra Azevedo, Álvaro Campos Cavalcanti Maciel	1745-5057	1	2.9	0.747	NA	NA	NA	NA	NA	NA	NA	NA	NA	NA	NA	NA	NA	NA	NA	NA	NA	NA	NA	NA	NA	NA	NA	NA	NA	NA
Nighttime features derived from topic models for classification of patients with COPD	10.1016/j.compbiomed.2021.104322	http://dx.doi.org/10.1016/j.compbiomed.2021.104322	0010-4825	Computers in Biology & Medicine	Gabriele Spina			2021	1617094097	0	0	0	0	6	0	6	0	6	0	26	3	TRUE	Gabriele Spina, Pierluigi Casale, Paul S Albert, Jennifer Alison, Judith Garcia-Aymerich, Christian F Clarenbach, Richard W Costello, Nidia A Hernandes, Jörg D Leuppi, Rafael Mesquita, Sally J Singh, Frank W J M Smeenk, Ruth Tal-Singer, Emiel F M Wouters, Martijn A Spruit, Albertus C den Brinker	0010-4825	6	9.2	1.481	A2	NA	NA	NA	NA	NA	NA	NA	NA	NA	NA	NA	NA	NA	NA	NA	NA	NA	NA	NA	NA	NA	NA	NA	NA	NA
Novel renal biomarkers show that creatine supplementation is safe: a double-blind, placebo-controlled randomized clinical trial	10.1093/toxres/tfaa028	http://dx.doi.org/10.1093/toxres/tfaa028	2045-452X	Toxicology Research	José de Oliveira Vilar Neto			2020	1706719729	0	0	0	0	29	0	28	1	29	0	47	17	TRUE	José de Oliveira Vilar Neto, Carlos Alberto da Silva, Gdayllon Cavalcante Meneses, Daniel Vieira Pinto, Luciana Catunda Brito, Said Goncalves da Cruz Fonseca, Renata de Sousa Alves, Alice Maria Costa Martins, Cláudio de Oliveira Assumpção, Elizabeth De Francesco Daher	2045-452X	1	4.9	0.505	A4	NA	NA	NA	NA	NA	NA	NA	NA	NA	NA	NA	NA	NA	NA	NA	NA	NA	NA	NA	NA	NA	NA	NA	NA	NA
Pelvic floor dysfunction distress is correlated with quality of life, but not with muscle function	10.1007/s00404-020-05770-5	http://dx.doi.org/10.1007/s00404-020-05770-5	0932-0067	Archives of Gynecology and Obstetrics	Marta Quézia Silva Fontenele			2020	1648657790	0	0	0	0	13	0	10	0	10	0	60	7	FALSE	Marta Quézia Silva Fontenele, Mayle Andrade Moreira, Anna Caroline Ribeiro de Moura, Vilena Barros de Figueiredo, Patricia Driusso, Simony Lira Nascimento	0932-0067	14	4.5	0.782	A2	NA	NA	NA	NA	NA	NA	NA	NA	NA	NA	NA	NA	NA	NA	NA	NA	NA	NA	NA	NA	NA	NA	NA	NA	NA
Pelvic floor ultrasound finds after episiotomy and severe perineal tear: systematic review and meta-analysis	10.1080/14767058.2020.1786049	http://dx.doi.org/10.1080/14767058.2020.1786049	1476-7058	Journal of Maternal-Fetal & Neonatal Medicine	Clara Taína Silva Lima			2020	1654108443	1	0	0	0	1	0	0	0	1	0	57	1	FALSE	Clara Taína Silva Lima, Gleiciane Aguiar Brito, Sara Arcanjo Lino Karbage, Andreisa Paiva Monteiro Bilhar, Antônio José Grande, Francisco Herlânio Costa Carvalho, Leonardo Robson Pinheiro Sobreira Bezerra, Simony Lira Nascimento	1476-7058	4	3.9	0.649	A4	NA	NA	NA	NA	NA	NA	NA	NA	NA	NA	NA	NA	NA	NA	NA	NA	NA	NA	NA	NA	NA	NA	NA	NA	NA
Prevalência de crianças identificadas com dificuldades motoras1	10.4322/2526-8910.ctoao1847	http://dx.doi.org/10.4322/2526-8910.ctoao1847	2526-8910	Cadernos Brasileiros de Terapia Ocupacional	Letícia Rodrigues Vieira dos Santos			2020	1597046126	0	0	0	0	2	0	2	0	2	0	14	1	TRUE	Letícia Rodrigues Vieira dos Santos, Marcela de Castro Ferracioli	2526-8910	2	NA	0.254	B1	NA	NA	NA	NA	NA	NA	NA	NA	NA	NA	NA	NA	NA	NA	NA	NA	NA	NA	NA	NA	NA	NA	NA	NA	NA
Preventive effect of tailored exercises on patellar tendinopathy in elite youth athletes: A cohort study	10.1016/j.ptsp.2021.11.006	http://dx.doi.org/10.1016/j.ptsp.2021.11.006	1466-853X	Physical Therapy in Sport	Natália Franco Neto Bittencourt			2021	1684849440	2	1	0	0	60	0	47	0	50	0	87	33	FALSE	Natália Franco Neto Bittencourt, Rodrigo Ribeiro de Oliveira, Rodrigo de Paula Mascarenhas Vaz, Rodrigo Scattone Silva, Luciana De Michelis Mendonça	1466-853X	8	4.5	0.873	A3	NA	NA	NA	NA	NA	NA	NA	NA	NA	NA	NA	NA	NA	NA	NA	NA	NA	NA	NA	NA	NA	NA	NA	NA	NA
Reference Values for 7 Different Protocols of Simple Functional Tests: A Multicenter Study	10.1016/j.apmr.2021.08.009	http://dx.doi.org/10.1016/j.apmr.2021.08.009	0003-9993	Archives of Physical Medicine & Rehabilitation	Karina Couto Furlanetto			2021	1634983208	0	0	0	0	17	0	17	0	17	0	90	12	FALSE	Karina Couto Furlanetto, Natielly Soares Correia, Rafael Mesquita, Andrea Akemi Morita, Daniel Pereira do Amaral, Daniela Gardano Bucharles Mont'Alverne, Daniel Martins Pereira, Fabio Pitta, Simone Dal Corso	0003-9993	14	6.2	1.091	A1	NA	NA	NA	NA	NA	NA	NA	NA	NA	NA	NA	NA	NA	NA	NA	NA	NA	NA	NA	NA	NA	NA	NA	NA	NA
Relationship Between Physical Activity, Depressive Symptoms and Low Back Pain Related Disability in Older Adults With Low Back Pain: A Cross-Sectional Mediation Analysis.	10.1123/japa.2019-0077	http://dx.doi.org/10.1123/japa.2019-0077	1063-8652	Journal of Aging & Physical Activity	Fabianna R de Jesus-Moraleida			2020	1605619366	0	0	0	0	1	0	1	0	1	0	37	1	FALSE	Fabianna R de Jesus-Moraleida, Paulo H Ferreira, Juscelio P Silva, André G P Andrade, Rosangela C Dias, João Marcos D Dias, Marcella G Assis, Leani S M Pereira	1063-8652	1	3.0	0.509	A3	NA	NA	NA	NA	NA	NA	NA	NA	NA	NA	NA	NA	NA	NA	NA	NA	NA	NA	NA	NA	NA	NA	NA	NA	NA
Reliability, validity and responsiveness of the Step Up and Down (StUD) test for individuals with symptomatic knee osteoarthritis	10.1016/j.msksp.2021.102454	http://dx.doi.org/10.1016/j.msksp.2021.102454	2468-8630	Musculoskeletal Science and Practice	Gabriel Peixoto Leão Almeida			2021	1634593761	0	0	0	0	15	0	15	0	15	0	31	10	FALSE	Gabriel Peixoto Leão Almeida, Isabel Oliveira Monteiro, Raíssa Grazielle de Oliveira Dantas, Maria Larissa Azevedo Tavares, Pedro Olavo de Paula Lima	2468-8630	2	3.9	0.755	A2	NA	NA	NA	NA	NA	NA	NA	NA	NA	NA	NA	NA	NA	NA	NA	NA	NA	NA	NA	NA	NA	NA	NA	NA	NA
Religiosity and Religious Coping in Patients with COPD: A Cross-Sectional Comparison Between Brazil and the Netherlands and Associations with Physical and Psychological Health	10.1007/s10943-021-01341-3	http://dx.doi.org/10.1007/s10943-021-01341-3	0022-4197	Journal of Religion and Health	Rafael Mesquita			2021	1626986524	0	0	0	0	3	0	2	0	2	0	14	2	FALSE	Rafael Mesquita, Guilherme P. F. da Silva, Francisco Alessandro Braga do Nascimento, Marcelo Alcantara Holanda, Daniela Gardano Bucharles Mont’Alverne, Paulo Vinicius de Oliveira Junior, Daisy J. A. Janssen, Eanes Delgado Barros Pereira	0022-4197	2	4.3	0.867	A3	NA	NA	NA	NA	NA	NA	NA	NA	NA	NA	NA	NA	NA	NA	NA	NA	NA	NA	NA	NA	NA	NA	NA	NA	NA
Simple verbal instructions are able to improve quality of movement during the lateral step-down test in healthy females	10.1016/j.jbmt.2021.02.006	http://dx.doi.org/10.1016/j.jbmt.2021.02.006	1360-8592	Journal of Bodywork & Movement Therapies	Rômulo Lemos E Silva			2021	1615687200	0	0	0	0	1	0	1	0	1	0	22	1	FALSE	Rômulo Lemos E Silva, Dean Felipe M Maia, Rodrigo R de Oliveira, Rodrigo Scattone Silva	1360-8592	2	2.5	0.48	A2	NA	NA	NA	NA	NA	NA	NA	NA	NA	NA	NA	NA	NA	NA	NA	NA	NA	NA	NA	NA	NA	NA	NA	NA	NA
Sleep quality and associated factors amongst Brazilian physiotherapists during the COVID-19 pandemic	10.1080/09593985.2021.1965271	http://dx.doi.org/10.1080/09593985.2021.1965271	0959-3985	Physiotherapy Theory & Practice	Juliana A. Lino			2021	1629241592	0	0	0	0	5	0	5	0	5	0	81	3	FALSE	Juliana A. Lino, Luiza Gabriela C. G. Frota, Ana Paula V. Abdon, Vinicius Cavalheri, Daniela G. B. Mont’Alverne, Rafael Mesquita	0959-3985	2	3.1	0.561	A4	NA	NA	NA	NA	NA	NA	NA	NA	NA	NA	NA	NA	NA	NA	NA	NA	NA	NA	NA	NA	NA	NA	NA	NA	NA
Sleep quality monitoring in individual sports athletes: parameters and definitions by systematic review	10.5935/1984-0063.20200032	http://dx.doi.org/10.5935/1984-0063.20200032	1984-0659	Sleep Science	Mário Antônio de Moura Simim			2023	1645867158	0	0	0	1	10	0	9	0	10	0	99	16	FALSE	Mário Antônio de Moura Simim, Helton de Sá Souza, Carlos Alberto Cardoso Filho, Rodrigo Luiz da Silva Gianoni, Roberto Rodrigues Bezerra, Helvio de Oliveira Affonso, Alberto Carlos Amadio, Vânia D’Almeida, Júlio Cerca Serrão, João Gustavo Claudino	1984-0659	NA	2.1	0.505	B1	NA	NA	NA	NA	NA	NA	NA	NA	NA	NA	NA	NA	NA	NA	NA	NA	NA	NA	NA	NA	NA	NA	NA	NA	NA
Spirituality and religiosity are associated with physical and psychological status in patients with chronic obstructive pulmonary disease	10.1111/jocn.15926	http://dx.doi.org/10.1111/jocn.15926	0962-1067	Journal of Clinical Nursing	Nélia Silva Mendes			2021	1669790185	0	0	0	0	15	0	13	0	13	0	43	8	FALSE	Nélia Silva Mendes, Carla Malaguti, Lucas dos Anjos Sena, Giancarlo Lucchetti, Luciana Angélica Silva de Jesus, Luciano Magalhães Vitorino, Rafael Mesquita, Annemarie Louise Lee, Cristino Carneiro Oliveira	0962-1067	8	6.0	1.235	A1	NA	NA	NA	NA	NA	NA	NA	NA	NA	NA	NA	NA	NA	NA	NA	NA	NA	NA	NA	NA	NA	NA	NA	NA	NA
Symptoms of urinary incontinence and pelvic organ prolapse and physical performance in middle-aged women from Northeast Brazil: a cross-sectional study	10.1186/s12905-019-0786-2	http://dx.doi.org/10.1186/s12905-019-0786-2	1472-6874	BMC Women's Health	Mariana Carmem Apolinário Vieira			2019	1563263696	0	0	0	0	1	0	1	0	1	0	74	1	TRUE	Mariana Carmem Apolinário Vieira, Saionara Maria Aires da Câmara, Mayle Andrade Moreira, Catherine McLean Pirkle, Afshin Vafaei, Álvaro Campos Cavalcanti Maciel	1472-6874	2	3.2	0.762	A1	NA	NA	NA	NA	NA	NA	NA	NA	NA	NA	NA	NA	NA	NA	NA	NA	NA	NA	NA	NA	NA	NA	NA	NA	NA
Tempo de uso do smartphone e condições de saúde relacionadas em idosos durante a pandemia da covid-19	10.1590/1981-22562022025.210194.pt	http://dx.doi.org/10.1590/1981-22562022025.210194.pt	1809-9823	Revista Brasileira de Geriatria e Gerontologia	Ana Paula Vasconcellos Abdon			2022	1669215039	1	0	0	0	1	0	0	0	1	0	4	1	TRUE	Ana Paula Vasconcellos Abdon, Monike Couras Del Vecchio Barros, Camila Cristine Tavares Abreu, Thais Nogueira Falcão, João Gabriel de Oliveira e Sousa, Daniela Gardano Bucharles Mont'Alverne	1809-9823	0	NA	NA	A3	NA	NA	NA	NA	NA	NA	NA	NA	NA	NA	NA	NA	NA	NA	NA	NA	NA	NA	NA	NA	NA	NA	NA	NA	NA
The Impact of Urinary Incontinence on Sexual Function: A Systematic Review	10.1016/j.sxmr.2019.06.009	http://dx.doi.org/10.1016/j.sxmr.2019.06.009	2050-0513	Sexual Medicine Reviews	Leonardo Robson Pinheiro Sobreira Bezerra			2020	1591557256	0	0	0	0	6	0	6	0	6	0	49	5	FALSE	Leonardo Robson Pinheiro Sobreira Bezerra, Débora Fernandes Britto, Isabella Parente Ribeiro Frota, Simony Lira do Nascimento, Aline Veras Morais Brilhante, Suellen Viana Lucena, Daniele Matos Moura Brasil	2050-0513	17	8.5	1.015	A1	NA	NA	NA	NA	NA	NA	NA	NA	NA	NA	NA	NA	NA	NA	NA	NA	NA	NA	NA	NA	NA	NA	NA	NA	NA
The Mini-BESTest is an independent predictor of falls in Parkinson Disease	10.1016/j.bjpt.2019.07.006	http://dx.doi.org/10.1016/j.bjpt.2019.07.006	0211-5638	Fisioterapia : organo de la Asociacion Espanola de Fisioterapia.	Larissa Karlla Rodrigues Lopes			2019	1696720479	1	0	0	0	8	0	6	0	7	0	186	4	TRUE	Larissa Karlla Rodrigues Lopes, Aline Alvim Scianni, Lidiane Oliveira Lima, Raquel de Carvalho Lana, Fátima Rodrigues-De-Paula	0211-5638	13	0.4	0.138	B2	NA	NA	NA	NA	NA	NA	NA	NA	NA	NA	NA	NA	NA	NA	NA	NA	NA	NA	NA	NA	NA	NA	NA	NA	NA
Time Course of Recovery for Performance Attributes and Circulating Markers of Muscle Damage Following a Rugby Union Match in Amateur Athletes	10.3390/sports8050064	http://dx.doi.org/10.3390/sports8050064	2075-4663	Sports	Bruno Victor Corrêa da Silva			2020	1590650808	0	0	0	0	7	0	5	0	5	0	39	4	TRUE	Bruno Victor Corrêa da Silva, Mário Antônio de Moura Simim, Rodrigo Barboza da Silva, Edmar Lacerda Mendes, Bernardo Neme Ide, Moacir Marocolo, Jeffrey S. Martin, Gustavo R. Mota	2075-4663	7	9.9	0.787	B2	NA	NA	NA	NA	NA	NA	NA	NA	NA	NA	NA	NA	NA	NA	NA	NA	NA	NA	NA	NA	NA	NA	NA	NA	NA
Trajectories of pain and disability in older adults with acute low back pain: Longitudinal data of the BACE-Brazil cohort	10.1016/j.bjpt.2021.100386	http://dx.doi.org/10.1016/j.bjpt.2021.100386	0211-5638	Fisioterapia : organo de la Asociacion Espanola de Fisioterapia.	Juscelio Pereira da Silva			2022	1661789806	0	0	0	0	1	0	1	0	1	0	33	1	TRUE	Juscelio Pereira da Silva, Fabianna Resende de Jesus-Moraleida, Diogo Carvalho Felício, André Gustavo Pereira de Andrade, Daniele Sirineu Pereira, Manuela Loureiro Ferreira, Leani Souza Máximo Pereira	0211-5638	7	0.4	0.138	B2	NA	NA	NA	NA	NA	NA	NA	NA	NA	NA	NA	NA	NA	NA	NA	NA	NA	NA	NA	NA	NA	NA	NA	NA	NA
Translation, cross‐cultural adaptation, validation and responsiveness in the Brazilian Portuguese version of the Knee Injury and Osteoarthritis Outcome Score (KOOS‐BR)	10.1007/s00167-022-06911-w	http://dx.doi.org/10.1007/s00167-022-06911-w	0942-2056	Knee Surgery, Sports Traumatology, Arthroscopy	Gabriel Peixoto Leão Almeida			2022	1646312351	0	0	0	0	1	0	1	0	1	0	30	1	FALSE	Gabriel Peixoto Leão Almeida, Rafaele Maria Oliveira da Costa, Thamyla Rocha Albano, Maria Larissa Azevedo Tavares, Amélia Pasqual Marques	0942-2056	9	8.2	1.785	A1	NA	NA	NA	NA	NA	NA	NA	NA	NA	NA	NA	NA	NA	NA	NA	NA	NA	NA	NA	NA	NA	NA	NA	NA	NA
Urinary symptoms in older people with low back pain: Prevalence, clinical, and functional factors associated	10.1002/nau.24782	http://dx.doi.org/10.1002/nau.24782	0733-2467	Neurourology and Urodynamics	Juliana M. M. Barbosa			2021	1631429131	0	0	0	0	4	0	4	0	4	0	24	2	FALSE	Juliana M. M. Barbosa, Juleimar S. C. de Amorim, Fabianna R. de Jesus‐Moraleida, Vitor T. M. Rocha, Juscelio P. da Silva, Bárbara Z. de Professor, Diogo C. Felício, Marcela G. Assis, Leani S. M. Pereira	0733-2467	2	4.5	0.683	A2	NA	NA	NA	NA	NA	NA	NA	NA	NA	NA	NA	NA	NA	NA	NA	NA	NA	NA	NA	NA	NA	NA	NA	NA	NA
Validation of the World Health Organization Disability Assessment Schedule (WHODAS 2.0) for individuals with COPD	10.1080/09638288.2021.1948117	http://dx.doi.org/10.1080/09638288.2021.1948117	0963-8288	Disability & Rehabilitation	Laíla Cândida Zacarias			2021	1626816044	0	0	0	0	2	0	2	0	2	0	26	2	FALSE	Laíla Cândida Zacarias, Kaytianne Jennifer da Costa Câmara, Bárbara Marques Alves, Maria Tereza Aguiar Pessoa Morano, Cyntia Maria Sampaio Viana, Daniela Gardano Bucharles Mont’Alverne, Shamyr Sulyvan Castro, Camila Ferreira Leite	0963-8288	2	4.4	0.796	A1	NA	NA	NA	NA	NA	NA	NA	NA	NA	NA	NA	NA	NA	NA	NA	NA	NA	NA	NA	NA	NA	NA	NA	NA	NA
&lt;p&gt;Effects of Wearing Compression Stockings on Exercise Performance and Associated Indicators: A Systematic Review&lt;/p&gt;	NA	http://dx.doi.org/10.2147/oajsm.s198809	NA	Open Access Journal of Sports Medicine	NA	NA	NA	2020	NA	NA	NA	NA	NA	NA	NA	NA	NA	NA	NA	NA	NA	NA	Gustavo R Mota, Mário Antônio de Moura Simim, Izabela Aparecida dos Santos, Jeffer Eidi Sasaki, Moacir Marocolo	1179-1543	0	NA	0.6	B2	2020-01-21	2020-01-21	NA	10.2147/oajsm.s198809	2024-05-16	NA	2020-01	301	29-42	10.2147	Informa UK Limited	1	Crossref	0	0	13	journal-article	NA	Volume 11	en	OAJSM	2020-01	NA	NA	NA
A ASSOBRAFIR reforça sua missão no enfrentamento à pandemia da COVID-19.	NA	http://dx.doi.org/10.47066/2177-9333.ac20.covid19.001	NA	ASSOBRAFIR Ciência	NA	NA	NA	2020	NA	NA	NA	NA	NA	NA	NA	NA	NA	NA	NA	NA	NA	NA	Darlan Laurício Matte, Rafael Mesquita, Karina Couto Furlanetto, Marlus Karsten	2177-9333	0	NA	NA	B3	2020-09-10	2020-09-10	NA	10.47066/2177-9333.ac20.covid19.001	2022-03-31	Supl1	2020-09-03	26629	11	10.47066	Associacao Brasileira de Fisioterapia Cardiorrespiratoria e Fisioterapia em Terapia Intensiva	1	Crossref	0	0	0	journal-article	NA	11	NA	Assofrafir Cien.	2020-09-03	NA	NA	NA
A incorporação da classificação internacional de funcionalidade nos instrumentos de avaliação de pacientes em terapia intensiva	NA	http://dx.doi.org/10.25248/reas.e10087.2022	NA	Revista Eletrônica Acervo Saúde	NA	NA	NA	2022	NA	NA	NA	NA	NA	NA	NA	NA	NA	NA	NA	NA	NA	NA	Francisco Wesley de Souza Cavalcante, Emanuela Marques Pereira Sales, Gabriela Gomes Alves Bandeira, Romenia Nogueira Cavalcante, Ellys Rhaiara Nunes Rebouças, Juliana Freire Chagas Vinhote, Nataly Gurgel Campos, Jardel Gonçalves de Sousa Almondes	2178-2091	0	NA	NA	B1	2022-04-11	2022-04-11	NA	10.25248/reas.e10087.2022	2022-04-11	4	2022-04-11	10875	e10087	10.25248	Revista Eletronica Acervo Saude	1	Crossref	0	0	0	journal-article	NA	15	NA	Acervo Saúde	2022-04-11	NA	NA	NA
A saúde do idoso na graduação em fisioterapia no Brasil: um estudo transversal	NA	http://dx.doi.org/10.1590/1809-2950/19008627012020	NA	Fisioterapia e Pesquisa	NA	NA	NA	2020	NA	NA	NA	NA	NA	NA	NA	NA	NA	NA	NA	NA	NA	NA	Isabel Oliveira Monteiro, Mayle Andrade Moreira, Lívia de Araújo Mota, Ana Carla Lima Nunes	2316-9117,1809-2950	0	NA	NA	B1	2020-04-06	2021-01-23	NA	10.1590/1809-2950/19008627012020	2022-03-28	1	2020-01	530	93-99	10.1590	FapUNIFESP (SciELO)	1	Crossref	14	14	0	journal-article	NA	27	NA	Fisioter. Pesqui.	2020-01	NA	NA	NA
A utilização da escala Perme como um instrumento de avaliação na Unidades de Terapia Intensiva	NA	http://dx.doi.org/10.25248/reas.e10045.2022	NA	Revista Eletrônica Acervo Saúde	NA	NA	NA	2022	NA	NA	NA	NA	NA	NA	NA	NA	NA	NA	NA	NA	NA	NA	Rayana Fialho da Costa, Italo Caldas Silva, Antonia Vitória Silva Mota, Thayse Saraiva de Albuquerque, Francisco Vandecir da Silva, Larissa Rocha Miranda, Jardel Gonçalves de Sousa Almondes, Nataly Gurgel Campos	2178-2091	0	NA	NA	B1	2022-04-08	2022-04-08	NA	10.25248/reas.e10045.2022	2022-04-08	4	2022-04-08	10875	e10045	10.25248	Revista Eletronica Acervo Saude	1	Crossref	0	0	0	journal-article	NA	15	NA	Acervo Saúde	2022-04-08	NA	NA	NA
Alterações posturais: a caracterização de discentes de Fisioterapia em uma instituição do ensino superior em Fortaleza/CE	NA	http://dx.doi.org/10.33233/fb.v21i4.1168	NA	Fisioterapia Brasil	NA	NA	NA	2020	NA	NA	NA	NA	NA	NA	NA	NA	NA	NA	NA	NA	NA	NA	Giselle Tibúrcio Lima, Marcus Levy Oliveira Mouta, Jeffeson Hildo Medeiros De Queiroz, Denilson Queiroz Cerdeira, Cristiane Clemente de Mello Salgueiro, José Ferreira Nunes	2526-9747,1518-9740	0	NA	NA	B2	2020-08-17	2024-04-02	NA	10.33233/fb.v21i4.1168	2024-04-03	4	2020-08-08	49417	336-342	10.62827	Atlântica Editora	1	Crossref	0	0	0	journal-article	NA	21	NA	Fisioter Bras	2020-08-08	NA	NA	NA
Alterações pulmonares causadas pelo novo Coronavírus (COVID-19) e o uso da ventilação mecânica invasiva	NA	http://dx.doi.org/10.12662/2317-3076jhbs.v8i1.3185.p1-3.2020	NA	Journal of Health &amp; Biological Sciences	NA	NA	NA	2020	NA	NA	NA	NA	NA	NA	NA	NA	NA	NA	NA	NA	NA	NA	Nataly Gurgel Campos, Rayana Fialho da Costa	2317-3076,2317-3084	0	NA	NA	B3	2020-04-07	2023-10-05	NA	10.12662/2317-3076jhbs.v8i1.3185.p1-3.2020	2023-10-10	1	2020-04-07	4932	1-3	10.12662	Instituto para o Desenvolvimento da Educacao	1	Crossref	0	0	4	journal-article	NA	8	NA	J Health Biol Sci.	2020-04-07	NA	NA	NA
Assessment of quality of movement during a lateral step-down test: Narrative review	NA	http://dx.doi.org/10.1016/j.jbmt.2019.05.012	NA	Journal of Bodywork and Movement Therapies	NA	NA	NA	2019	NA	NA	NA	NA	NA	NA	NA	NA	NA	NA	NA	NA	NA	NA	Rômulo Lemos e Silva, Yago Tavares Pinheiro, Caio Alano de Almeida Lins, Rodrigo Ribeiro de Oliveira, Rodrigo Scattone Silva	1360-8592	0	2.5	0.48	A2	2019-05-14	2019-11-14	2019-10	10.1016/j.jbmt.2019.05.012	2024-05-16	4	2019-10	78	835-843	10.1016	Elsevier BV	1	Crossref	24	24	10	journal-article	http://dx.doi.org/10.1016/elsevier_cm_policy	23	en	Journal of Bodywork and Movement Therapies	NA	NA	NA	NA
Avaliação da força muscular respiratória e função pulmonar de pacientes com doença renal crônica submetidos í  hemodiálise	NA	http://dx.doi.org/10.36489/saudecoletiva.2021v11i63p5546-5559	NA	Saúde Coletiva (Barueri)	NA	NA	NA	2021	NA	NA	NA	NA	NA	NA	NA	NA	NA	NA	NA	NA	NA	NA	Nataly Gurgel Campos, Lara Costa Leite, ítalo Caldas Silva, Rayana Fialho da Costa, Ellys Rhaiara Nunes Rebouças, Larissa Rocha Miranda, Francisco Lazaro Arruda, Paulo Romão Ribeiro da Silva	2675-0244,1806-3365	0	NA	NA	B2	2021-04-06	2023-03-08	NA	10.36489/saudecoletiva.2021v11i63p5546-5559	2023-03-08	63	2021-04-06	22301	5546-5559	10.36489	MPM Comunicacao	1	Crossref	0	0	0	journal-article	NA	11	NA	SaudColetiv (Barueri)	2021-04-06	NA	NA	NA
Avaliação e intervenção para a reabilitação cardiopulmonar de pacientes recuperados da COVID-19	NA	http://dx.doi.org/10.47066/2177-9333.ac20.covid19.018	NA	ASSOBRAFIR Ciência	NA	NA	NA	2020	NA	NA	NA	NA	NA	NA	NA	NA	NA	NA	NA	NA	NA	NA	Lucas De Assis Pereira Cacau, Rafael Mesquita, Karina Couto Furlanetto, Daniel Lago Silva Borges, Luiz Alberto Forgiarini Junior, Vinicius Maldaner, Yves De Souza, Gerson Cipriano Júnior, Celso Carvalho, Ingrid Correia Nogueira, Laura Tomazi, Marlus Karsten	2177-9333	0	NA	NA	B3	2020-09-10	2020-09-10	NA	10.47066/2177-9333.ac20.covid19.018	2024-05-17	Supl1	2020-09-03	26629	183	10.47066	Associacao Brasileira de Fisioterapia Cardiorrespiratoria e Fisioterapia em Terapia Intensiva	1	Crossref	0	0	6	journal-article	NA	11	NA	Assofrafir Cien.	2020-09-03	NA	NA	NA
Burnout and quality of life among correctional officers in a women’s correctional facility	NA	http://dx.doi.org/10.47626/1679-4435-2020-561	NA	Revista Brasileira de Medicina do Trabalho	NA	NA	NA	2020	NA	NA	NA	NA	NA	NA	NA	NA	NA	NA	NA	NA	NA	NA	Lidiany da Silva Venâncio, Bernardo Diniz Coutinho, Daniela Gardano Bucharles Mont’Alverne, Rodrigo Fragoso Andrade	1679-4435,2447-0147	0	1.0	0.272	B3	2020-11-12	2021-07-27	2020	10.47626/1679-4435-2020-561	2024-03-07	03	2020	27448	312-321	10.47626	EDITORA SCIENTIFIC	1	Crossref	0	0	2	journal-article	NA	18	NA	Rev Bras Med Trab	NA	NA	NA	NA
Clinical correlates of sarcopenia and falls in Parkinson’s disease	NA	http://dx.doi.org/10.1371/journal.pone.0227238	NA	PLOS ONE	NA	NA	NA	2020	NA	NA	NA	NA	NA	NA	NA	NA	NA	NA	NA	NA	NA	NA	Danielle Pessoa Lima, Samuel Brito de Almeida, Janine de Carvalho Bonfadini, João Rafael Gomes de Luna, Madeleine Sales de Alencar, Edilberto Barreira Pinheiro-Neto, Antonio Brazil Viana-Júnior, Samuel Ranieri Oliveira Veras, Manoel Alves Sobreira-Neto, Jarbas de Sá Roriz-Filho, Pedro Braga-Neto	1932-6203	0	6.0	0.839	A1	2020-03-19	2020-03-19	NA	10.1371/journal.pone.0227238	2024-06-19	3	2020-03-19	340	e0227238	10.1371	Public Library of Science (PLoS)	1	Crossref	36	36	27	journal-article	http://dx.doi.org/10.1371/journal.pone.corrections_policy	15	en	PLoS ONE	2020-03-19	NA	NA	NA
Correlation between functional capacity and oxidative stress and inflammation in hemodialysis patients	NA	http://dx.doi.org/10.1016/j.jbmt.2021.01.002	NA	Journal of Bodywork and Movement Therapies	NA	NA	NA	2021	NA	NA	NA	NA	NA	NA	NA	NA	NA	NA	NA	NA	NA	NA	Ítalo Caldas Silva, Débora Fortes Marizeiro, Elizabeth De Francesco Daher, Tainá Veras de Sandes-Freitas, Gdayllon Cavalcante Meneses, Gabriela Freire Bezerra, Alexandre Braga Libório, Alice Maria Costa Martins, Nataly Gurgel Campos	1360-8592	0	2.5	0.48	A2	2021-01-12	2023-03-29	2021-07	10.1016/j.jbmt.2021.01.002	2024-06-06	NA	2021-07	78	339-343	10.1016	Elsevier BV	1	Crossref	32	32	3	journal-article	http://dx.doi.org/10.1016/elsevier_cm_policy	27	en	Journal of Bodywork and Movement Therapies	NA	NA	NA	NA
Correspondence: Functioning assessment by the World Health Organization Disability Assessment Schedule 2.0 – WHODAS	NA	http://dx.doi.org/10.1016/j.jphys.2020.11.004	NA	Journal of Physiotherapy	NA	NA	NA	2021	NA	NA	NA	NA	NA	NA	NA	NA	NA	NA	NA	NA	NA	NA	Shamyr Sulyvan Castro	1836-9553	0	10.4	1.736	A1	2020-11-24	2020-12-31	2021-01	10.1016/j.jphys.2020.11.004	2022-04-02	1	2021-01	78	72	10.1016	Elsevier BV	1	Crossref	4	4	1	journal-article	NA	67	en	Journal of Physiotherapy	NA	NA	NA	NA
CPCR is on its way... to a great future, hopefully!	NA	http://dx.doi.org/10.4322/2675-9977.cpcr.202201	NA	Cardiorespiratory Physiotherapy, Critical Care and Rehabilitation	NA	NA	NA	2022	NA	NA	NA	NA	NA	NA	NA	NA	NA	NA	NA	NA	NA	NA	Fabio Pitta, Rafael Mesquita, Marlus Karsten	2675-9977	0	NA	NA	NA	2022-11-22	2023-12-26	NA	10.4322/2675-9977.cpcr.202201	2023-12-27	NA	2022	2869	e12022	10.4322	Editora Cubo	1	Crossref	0	0	0	journal-article	NA	2	NA	Cardiorespir Physiother Crit Care Rehabil	2022	NA	NA	NA
Cross-cultural adaptation to Brazilian Portuguese and assessment of the measurement properties of the Questionnaire for Urinary Incontinence Diagnosis (QUID)	NA	http://dx.doi.org/10.1016/j.ejogrb.2020.10.005	NA	European Journal of Obstetrics &amp; Gynecology and Reproductive Biology	NA	NA	NA	2020	NA	NA	NA	NA	NA	NA	NA	NA	NA	NA	NA	NA	NA	NA	Michele Elisabete Rúbio Alem, Thais Cristina Chaves, Vilena Barros de Figueiredo, Simony Lira do Nascimento, Ana Carolina Sartorato Beleza, Patricia Driusso	0301-2115	0	4.0	0.78	A4	2020-10-17	2022-06-27	2020-12	10.1016/j.ejogrb.2020.10.005	2022-10-15	NA	2020-12	78	111-117	10.1016	Elsevier BV	1	Crossref	34	34	2	journal-article	http://dx.doi.org/10.1016/elsevier_cm_policy	255	en	European Journal of Obstetrics &amp; Gynecology and Reproductive Biology	NA	NA	NA	NA
Do differences between the training load perceived by elite beach volleyball players and that planned by coaches affect neuromuscular function?  (¿Las diferencias entre la carga de entrenamiento percibida por los jugadores de voleibol de playa de élite y	NA	http://dx.doi.org/10.47197/retos.v38i38.77625	NA	Retos	NA	NA	NA	2020	NA	NA	NA	NA	NA	NA	NA	NA	NA	NA	NA	NA	NA	NA	Ana Denise Andrade, Mário Simim, Witalo Kassiano, José Manuel Palao, Karla De Jesus, Nycaelle Maia, Cláudio Assumpção, Alexandre Igor Araripe Medeiros	1988-2041,1579-1726	0	2.8	0.383	A4	2020-09-24	2020-09-24	NA	10.47197/retos.v38i38.77625	2024-05-17	38	2020-04-15	26775	632-636	10.47197	Federacion Espanola de Asociaciones de Docentes de Educacion Fisica (FEADEF)	1	Crossref	0	0	3	journal-article	NA	NA	NA	Retos	2020-04-15	NA	NA	NA
DURATION AND QUALITY OF SLEEP IN SPRINT AND RECOVERY PERFORMANCES AMONG ELITE SWIMMERS	NA	http://dx.doi.org/10.1590/1517-869220202602220003	NA	Revista Brasileira de Medicina do Esporte	NA	NA	NA	2020	NA	NA	NA	NA	NA	NA	NA	NA	NA	NA	NA	NA	NA	NA	Marco Túlio de Mello, Mário Antônio de Moura Simim, Fernanda Veruska Narciso, João Paulo Pereira Rosa, Dayane Ferreira Rodrigues, Luísa de Sousa Nogueira Freitas, Jorge José Bichara, Sebastian Rafael Dias Pereira, Sidney Cavalcante da Silva, Sérgio Tufik, Andressa Silva	1806-9940,1517-8692	0	0.8	NA	B1	2020-04-06	2021-01-23	NA	10.1590/1517-869220202602220003	2024-02-24	2	2020-04	530	126-129	10.1590	FapUNIFESP (SciELO)	1	Crossref	30	30	4	journal-article	NA	26	NA	Rev Bras Med Esporte	2020-04	NA	NA	NA
Effect of exposure to a light-emitting diode (LED) on the physicochemical characteristics of natural latex biomembranes used to treat diabetic ulcers	NA	http://dx.doi.org/10.1007/s42600-022-00226-y	NA	Research on Biomedical Engineering	NA	NA	NA	2022	NA	NA	NA	NA	NA	NA	NA	NA	NA	NA	NA	NA	NA	NA	Thamis Fernandes Santana, Rebeca Hannah de Melo Oliveira, Ludmila Evangelista dos Santos, Eunice Paloma Nascimento Lima, Sylvia de Sousa Faria, Marcos Augusto Moutinho Fonseca, Jaqueline Rodrigues da Silva, José Carlos Tatmatsu-Rocha, Marília Miranda Forte Gomes, Mário Fabrício Fleury Rosa, Suélia de Siqueira Rodrigues Fleury Rosa, Marcella Lemos Brettas Carneiro	2446-4740	0	2.3	0.328	A4	2022-06-14	2023-11-23	NA	10.1007/s42600-022-00226-y	2023-11-24	3	2022-06-14	297	901-911	10.1007	Springer Science and Business Media LLC	1	Crossref	42	42	0	journal-article	http://dx.doi.org/10.1007/springer_crossmark_policy	38	en	Res. Biomed. Eng.	2022-06-14	NA	NA	NA
EXISTE ASSOCIAÇÃO ENTRE NÍVEL DE ATIVIDADE FÍSICA E COMPOSIÇÃO CORPORAL EM ADOLESCENTES?	NA	http://dx.doi.org/10.31501/rbcm.v28i1.9995	NA	Revista Brasileira de Ciência e Movimento	NA	NA	NA	2020	NA	NA	NA	NA	NA	NA	NA	NA	NA	NA	NA	NA	NA	NA	Witalo Kassiano, Mário Antônio de Moura Simim, Ana Denise De Souza Andrade, Carminda Maria Goersch Fontenele Lamboglia, Alexandre Igor Araripe Medeiros, Claudio Oliveira Assumpção	0103-1716	0	NA	NA	B2	2021-03-16	2021-10-22	NA	10.31501/rbcm.v28i1.9995	2022-03-31	1	2020-07-28	16587	42	10.31501	Universidade Catolica de Brasilia	1	Crossref	0	0	0	journal-article	NA	28	NA	R. Bras.Ci.e Mov.	2020-07-28	NA	NA	NA
Funcionalidade na intervenção precoce: revisão integrativa	NA	http://dx.doi.org/10.34024/rnc.2022.v30.12975	NA	Revista Neurociências	NA	NA	NA	2022	NA	NA	NA	NA	NA	NA	NA	NA	NA	NA	NA	NA	NA	NA	Leticia Helene Mendes Ferreira, Lidiane Andréa Oliveira Lima, Shamyr Sulyvan de Castro, Katia Virgínia Viana Cardoso	1984-4905,0104-3579	0	NA	NA	B2	2022-08-23	2022-08-23	NA	10.34024/rnc.2022.v30.12975	2022-08-23	NA	2022-08-23	19929	1-21	10.34024	Universidade Federal de Sao Paulo	1	Crossref	0	0	0	journal-article	NA	30	NA	Rev Neurocienc	2022-08-23	NA	NA	NA
General and comparative self-rated health in chronic stroke: an important outcome measure for health professionals	NA	http://dx.doi.org/10.1186/s12883-022-02592-7	NA	BMC Neurology	NA	NA	NA	2022	NA	NA	NA	NA	NA	NA	NA	NA	NA	NA	NA	NA	NA	NA	Ramon Távora Viana, Érika de Freitas Araújo, Lidiane Andrea Oliveira Lima, Luci Fuscaldi Teixeira-Salmela, Christina Danielli Coelho de Morais Faria	1471-2377	0	4.0	0.732	A4	2022-03-07	2022-03-07	2022-12	10.1186/s12883-022-02592-7	2024-06-14	1	2022-03-07	297	NA	10.1186	Springer Science and Business Media LLC	1	Crossref	59	59	1	journal-article	http://dx.doi.org/10.1007/springer_crossmark_policy	22	en	BMC Neurol	2022-03-07	NA	NA	NA
Health impacts on cancer patients: an overview of the COVID-19 pandemic in Brazil	NA	http://dx.doi.org/10.33233/fb.v22i3.4736	NA	Fisioterapia Brasil	NA	NA	NA	2021	NA	NA	NA	NA	NA	NA	NA	NA	NA	NA	NA	NA	NA	NA	Andréa Felinto Moura, Kellyane Munick Rodrigues Soares Holanda, Natália Roque Maia de Sousa, Márcio Higor Vasconcelos Irineu, Maria Paula Ribeiro Barbosa, Nayanna Moreira de Araujo, Daniela Gardano Bucharles Mont’Alverne	2526-9747,1518-9740	0	NA	NA	B2	2021-07-13	2024-04-02	NA	10.33233/fb.v22i3.4736	2024-04-03	3	2021-07-15	49417	398-411	10.62827	Atlântica Editora	1	Crossref	0	0	0	journal-article	NA	22	NA	Fisioter Bras	2021-07-15	NA	NA	NA
Impact of self-reported sleep problems on capacity and performance in the Chilean population. A secondary-data analysis	NA	http://dx.doi.org/10.1016/j.sleepe.2022.100046	NA	Sleep Epidemiology	NA	NA	NA	2022	NA	NA	NA	NA	NA	NA	NA	NA	NA	NA	NA	NA	NA	NA	Camila Ferreira Leite, Laíla Cândida Zacarias, Ricardo Andrés Cartes Velásquez, Valeria Campos, Shamyr Sulyvan Castro	2667-3436	0	NA	NA	NA	2022-09-24	2022-12-10	2022-12	10.1016/j.sleepe.2022.100046	2022-12-11	NA	2022-12	78	100046	10.1016	Elsevier BV	1	Crossref	54	54	0	journal-article	http://dx.doi.org/10.1016/elsevier_cm_policy	2	en	Sleep Epidemiology	NA	NA	NA	NA
Influência dos Cânceres Gástrico e Hematológico na Qualidade de Vida e na Funcionalidade de Pacientes Oncológicos	NA	http://dx.doi.org/10.32635/2176-9745.rbc.2022v68n1.1332	NA	Revista Brasileira de Cancerologia	NA	NA	NA	2022	NA	NA	NA	NA	NA	NA	NA	NA	NA	NA	NA	NA	NA	NA	Cynthia Assunção Gomes Pereira, Bhárbara Luiza de Araújo Pontes, Talita Ribeiro Valente, Andréa Felinto Moura, Rafael Barreto de Mesquita, Daniela Gardano Bucharles Mont'Alverne	2176-9745	0	NA	NA	B3	2022-01-05	2022-11-25	NA	10.32635/2176-9745.rbc.2022v68n1.1332	2022-11-26	1	2022-01-05	17650	NA	10.32635	Revista Brasileira De Cancerologia (RBC)	1	Crossref	33	33	0	journal-article	NA	68	NA	Rev. Bras. Cancerol.	2022-01-05	NA	NA	NA
Instruments that assess functioning in individuals with temporomandibular disorders and the International Classification of Functioning: systematic review	NA	http://dx.doi.org/10.5935/2595-0118.20210001	NA	Brazilian Journal Of Pain	NA	NA	NA	2021	NA	NA	NA	NA	NA	NA	NA	NA	NA	NA	NA	NA	NA	NA	Luana Maria Ramos Mendes, Marina Carvalho Arruda Barreto, Shamyr Sulyvan Castro	2595-0118	0	NA	NA	B1	2021-01-13	2024-04-19	2021	10.5935/2595-0118.20210001	2024-04-19	NA	2021	3948	NA	10.5935	GN1 Sistemas e Publicacoes Ltd.	1	Crossref	0	0	0	journal-article	NA	NA	en	NA	NA	NA	NA	NA
Instruments that evaluate the functioning in individuals affected with chikungunya and the International Classification of Functioning. A systematic review	NA	http://dx.doi.org/10.5935/2595-0118.20190069	NA	Brazilian Journal Of Pain	NA	NA	NA	2019	NA	NA	NA	NA	NA	NA	NA	NA	NA	NA	NA	NA	NA	NA	Marina Carvalho Arruda Barreto, Bárbara Porfírio Nunes, Shamyr Sulyvan de Castro	2595-0118	0	NA	NA	B1	2019-11-01	2024-06-05	2019	10.5935/2595-0118.20190069	2024-06-06	4	2019	3948	NA	10.5935	GN1 Sistemas e Publicacoes Ltd.	1	Crossref	0	0	0	journal-article	NA	2	en	NA	NA	NA	NA	NA
Is the rating of perceived exertion planned by the personal trainer similar to subject’s perception? A pilot study	NA	http://dx.doi.org/10.1590/1980-0037.2020v22e63257	NA	Revista Brasileira de Cineantropometria &amp; Desempenho Humano	NA	NA	NA	2020	NA	NA	NA	NA	NA	NA	NA	NA	NA	NA	NA	NA	NA	NA	Witalo Kassiano, Cláudio Assumpção, Ulisses Cunha, Karla de Jesus, Mário Simim, Alexandre Medeiros	1980-0037,1415-8426	0	1.3	0.274	B1	2020-03-09	2021-04-28	NA	10.1590/1980-0037.2020v22e63257	2022-03-29	NA	2020	530	NA	10.1590	FapUNIFESP (SciELO)	1	Crossref	30	30	0	journal-article	NA	22	NA	Rev. bras. cineantropom. desempenho hum.	2020	NA	NA	NA
Knowledge and Attitude about Complementary and Alternative Medicine: Perceptions of Brazilian Health care Students	NA	http://dx.doi.org/10.22161/ijaers.75.60	NA	International Journal of Advanced Engineering Research and Science	NA	NA	NA	2020	NA	NA	NA	NA	NA	NA	NA	NA	NA	NA	NA	NA	NA	NA	Natália Bitar C Olegario, Ana MF Catrib, Guilherme PF Silva, Ana Paula V Abdon, Daniela GB Mont’alverne, Maria VL Saintrain, Nelson Filice de Barros	2349-6495,2456-1908	0	NA	NA	C	2020-06-02	2020-06-02	2020	10.22161/ijaers.75.60	2022-04-02	5	2020	9421	487-494	10.22161	AI Publications	1	Crossref	0	0	0	journal-article	NA	7	NA	IJAERS	2020	NA	NA	NA
Letter to the editor regarding the paper “Evaluation of functional disability after Chikungunya infection”	NA	http://dx.doi.org/10.1590/0037-8682-0575-2019	NA	Revista da Sociedade Brasileira de Medicina Tropical	NA	NA	NA	2020	NA	NA	NA	NA	NA	NA	NA	NA	NA	NA	NA	NA	NA	NA	Marina Carvalho Arruda Barreto, Luciano Pamplona de Goes Cavalcanti, Shamyr Sulyvan de Castro	1678-9849,0037-8682	0	2.9	0.465	B1	2020-04-17	2021-01-23	NA	10.1590/0037-8682-0575-2019	2022-04-01	NA	2020	530	NA	10.1590	FapUNIFESP (SciELO)	1	Crossref	7	7	0	journal-article	NA	53	NA	Rev. Soc. Bras. Med. Trop.	2020	NA	NA	NA
Mobility and clinical outcome of patients admitted to an intensive care unit	NA	http://dx.doi.org/10.1590/1980-5918.032.ao67	NA	Fisioterapia em Movimento	NA	NA	NA	2020	NA	NA	NA	NA	NA	NA	NA	NA	NA	NA	NA	NA	NA	NA	Eriádina Alves de Lima, Gezabell Rodrigues, Arnaldo Aires Peixoto Júnior, Riany de Sousa Sena, Soraya Maria do Nascimento Rebouças Viana, Daniela Gardano Bucharles Mont’Alverne	1980-5918	0	0.3	0.123	B1	2020-10-26	2021-01-24	NA	10.1590/1980-5918.032.ao67	2022-04-02	NA	2020	530	NA	10.1590	FapUNIFESP (SciELO)	1	Crossref	39	39	0	journal-article	NA	33	NA	Fisioter. mov.	2020	NA	NA	NA
Percepção de puérperas quanto às boas práticas de assistência ao trabalho de parto e parto	NA	http://dx.doi.org/10.20513/2447-6595.2020v60n1p28-34	NA	Revista de Medicina da UFC	NA	NA	NA	2020	NA	NA	NA	NA	NA	NA	NA	NA	NA	NA	NA	NA	NA	NA	Andressa Soares de Azevedo, Mayle Andrade Moreira, Sabrina Dantas Sabry, Úrsula Maria Lima Pessoa, Elisete Mendes Carvalho, Simony Lira do Nascimento	2447-6595,0100-1302	0	NA	NA	B3	2020-03-31	2020-03-31	NA	10.20513/2447-6595.2020v60n1p28-34	2022-04-03	1	2020-03-30	8408	28-34	10.20513	Revista de Medicina da UFC	1	Crossref	0	0	0	journal-article	NA	60	NA	Rev. Med. UFC	2020-03-30	NA	NA	NA
Perfil demográfico e clínico de pacientes com diagnóstico de COVID-19 em um hospital público de referência na cidade de Fortaleza-Ceará	NA	http://dx.doi.org/10.12662/2317-3076jhbs.v8i1.3438.p1-5.2020	NA	Journal of Health &amp; Biological Sciences	NA	NA	NA	2020	NA	NA	NA	NA	NA	NA	NA	NA	NA	NA	NA	NA	NA	NA	Ellys Rhaiara Nunes Rebouças, Rayana Fialho Da Costa, Larissa Rocha Miranda, Nataly Gurgel Campos	2317-3076,2317-3084	0	NA	NA	B3	2020-11-10	2023-10-05	NA	10.12662/2317-3076jhbs.v8i1.3438.p1-5.2020	2023-12-19	1	2020-11-10	4932	1-5	10.12662	Instituto para o Desenvolvimento da Educacao	1	Crossref	0	0	2	journal-article	NA	8	NA	J Health Biol Sci.	2020-11-10	NA	NA	NA
Practice recommendations for the role of physiotherapy in the management of sleep disorders: the 2022 Brazilian Sleep Association Guidelines	NA	http://dx.doi.org/10.5935/1984-0063.20220083	NA	Sleep Science	NA	NA	NA	2022	NA	NA	NA	NA	NA	NA	NA	NA	NA	NA	NA	NA	NA	NA	Cristina Frange, Aline Marques Franco, Evelyn Brasil, Raquel Pastrello Hirata, Juliana Arcanjo Lino, Daiana Moreira Mortari, Daisy Satomi Ykeda, Mario André Leocádio-Miguel, Carolina Vicaria Rodrigues D’Aurea, Luciana Oliveira e Silva, Susana Cristina Lerosa Telles, Sofia Fontanello Furlan, Bruno Búrigo Peruchi, Camila Ferreira Leite, Fabiana Tokie Yagihara, Leticia Dominguez Campos, Melissa Araújo Ulhôa, Moara Gomes da Rocha Cruz, Ricardo Beidacki, Ronaldo Batista Santos, Sandra Souza de Queiroz, Simone Barreto, Vivien Schmeling Piccin, Fernando Morgadinho Santos Coelho, Luciana Studart, Marcia Assis, Luciano F. Drager	1984-0659,1984-0063	0	2.1	0.505	B1	2022-11-08	2023-12-01	2022-12	10.5935/1984-0063.20220083	2024-06-04	04	2022-12	194	515-573	10.1055	Georg Thieme Verlag KG	1	Crossref	0	0	12	journal-article	NA	15	en	Sleep Sci	2023-12-01	NA	Portico	CLOCKSS
PRÁTICA DO FISIOTERAPEUTA INTENSIVISTA E EQUIPE MULTIPROFISSIONAL	NA	http://dx.doi.org/10.54620/cadesp.v16i2.759	NA	Cadernos ESP	NA	NA	NA	2022	NA	NA	NA	NA	NA	NA	NA	NA	NA	NA	NA	NA	NA	NA	Emanuela Marques Pereira Sales, Márcia Cardinalle Correia Viana, Nataly Gurgel Campos, Andréa Stopiglia Guedes Braide	1809-0893,1808-7329	0	NA	NA	B4	2022-06-13	2022-06-13	NA	10.54620/cadesp.v16i2.759	2023-09-19	2	2022-06-13	33144	27-33	10.54620	Escola de Saude Publica do Ceara	1	Crossref	0	0	1	journal-article	NA	16	NA	Cadernos ESP	2022-06-13	NA	NA	NA
PREVALENCE AND FACTORS ASSOCIATED WITH CONSTIPATION IN PREMENOPAUSAL WOMEN: A COMMUNITY-BASED STUDY	NA	http://dx.doi.org/10.1590/s0004-2803.202000000-36	NA	Arquivos de Gastroenterologia	NA	NA	NA	2020	NA	NA	NA	NA	NA	NA	NA	NA	NA	NA	NA	NA	NA	NA	Amanda Almeida Gomes DANTAS, Isabelle Ribeiro BARBOSA, Shamyr Sulyvan de CASTRO, Caroline Wanderley Souto FERREIRA, Saionara Maria Aires da CAMARA, Diego de Sousa DANTAS	1678-4219,0004-2803	0	2.0	0.337	B2	2020-06-24	2021-01-24	NA	10.1590/s0004-2803.202000000-36	2024-06-18	2	2020-06	530	188-192	10.1590	FapUNIFESP (SciELO)	1	Crossref	30	30	5	journal-article	NA	57	NA	Arq. Gastroenterol.	2020-06	NA	NA	NA
Prevalence of smartphone addiction and associated factors in Brazilian adults	NA	http://dx.doi.org/10.30574/wjarr.2020.7.1.0254	NA	World Journal of Advanced Research and Reviews	NA	NA	NA	2020	NA	NA	NA	NA	NA	NA	NA	NA	NA	NA	NA	NA	NA	NA	 Abdon APV,  Mesquita R,  Magalhães LKS,  Medeiros NKFD,  Pinto IMM,  César IG,  Sousa GF,  Tavares LCP,  Saintrain MVL,  Viana MO,  Lima POP,  Gurgel LA,  Mont’Alverne DGB	2581-9615	0	NA	NA	C	2020-07-26	2020-07-26	NA	10.30574/wjarr.2020.7.1.0254	2023-09-16	1	2020-07-30	12033	202-211	10.30574	GSC Online Press	1	Crossref	0	0	1	journal-article	http://dx.doi.org/10.30574/wjarr.ourcrossmarkpolicy	7	NA	World J. Adv. Res. Rev.	2020-07-30	NA	NA	NA
Probable sarcopenia and obesity in women with urinary incontinence in the climacteric period	NA	http://dx.doi.org/10.1590/fm.2022.356013	NA	Fisioterapia em Movimento	NA	NA	NA	2022	NA	NA	NA	NA	NA	NA	NA	NA	NA	NA	NA	NA	NA	NA	Roberta Luana da Conceição de Araújo Silva, Sara Vasconcelos de Oliveira Pinto, Simony Lira do Nascimento, Mayle Andrade Moreira	1980-5918	0	0.3	0.123	B1	2022-09-16	2022-09-16	NA	10.1590/fm.2022.356013	2024-03-03	spe	2022	530	NA	10.1590	FapUNIFESP (SciELO)	1	Crossref	35	35	0	journal-article	NA	35	NA	Fisioter. mov.	2022	NA	NA	NA
Propriedades psicométricas do WHODAS para uso em pessoas com chikungunya no Brasil	NA	http://dx.doi.org/10.1590/1809-2950/18036226042019	NA	Fisioterapia e Pesquisa	NA	NA	NA	2019	NA	NA	NA	NA	NA	NA	NA	NA	NA	NA	NA	NA	NA	NA	Ana Jéssica dos Santos Sousa, Maria Caroline da Silva, Marina Carvalho Arruda Barreto, Bárbara Porfírio Nunes, Bernardo Diniz Coutinho, Shamyr Sulyvan de Castro	2316-9117,1809-2950	0	NA	NA	B1	2019-12-03	2020-07-31	NA	10.1590/1809-2950/18036226042019	2024-02-28	4	2019-12	530	419-426	10.1590	FapUNIFESP (SciELO)	1	Crossref	36	36	3	journal-article	NA	26	NA	Fisioter. Pesqui.	2019-12	NA	NA	NA
Recursos e técnicas fisioterapêuticas que devem ser utilizadas com cautela ou evitadas em pacientes com COVID-19	NA	http://dx.doi.org/10.47066/2177-9333.ac20.covid19.009	NA	ASSOBRAFIR Ciência	NA	NA	NA	2020	NA	NA	NA	NA	NA	NA	NA	NA	NA	NA	NA	NA	NA	NA	Karina Couto Furlanetto, Nidia Aparecida Hernandes, Rafael Barreto de Mesquita	2177-9333	0	NA	NA	B3	2020-09-10	2020-09-10	NA	10.47066/2177-9333.ac20.covid19.009	2022-04-05	Supl1	2020-09-03	26629	93	10.47066	Associacao Brasileira de Fisioterapia Cardiorrespiratoria e Fisioterapia em Terapia Intensiva	1	Crossref	0	0	1	journal-article	NA	11	NA	Assofrafir Cien.	2020-09-03	NA	NA	NA
Relationship between maternal adverse childhood experiences and infant development	NA	http://dx.doi.org/10.1097/md.0000000000014644	NA	Medicine	NA	NA	NA	2019	NA	NA	NA	NA	NA	NA	NA	NA	NA	NA	NA	NA	NA	NA	Renata de Barros Bruno Ximenes, José Christian Machado Ximenes, Simony Lira Nascimento, Sarah M. Roddy, Álvaro Jorge Madeiro Leite	0025-7974,1536-5964	0	2.9	0.441	A3	2019-03-10	2023-09-14	2019-03	10.1097/md.0000000000014644	2023-09-15	10	2019-03	276	e14644	10.1097	Ovid Technologies (Wolters Kluwer Health)	1	Crossref	25	25	1	journal-article	NA	98	en	NA	NA	A systematic review (protocol)	NA	NA
Relationship between vestibular dysfunction and quality of life in climacteric women	NA	http://dx.doi.org/10.1590/1413-81232020252.00972018	NA	Ciência &amp; Saúde Coletiva	NA	NA	NA	2020	NA	NA	NA	NA	NA	NA	NA	NA	NA	NA	NA	NA	NA	NA	Rafaella Silva dos Santos, Mayle Moreira de Andrade, Karyna Myrelly Oliveira Bezerra de Figueiredo Ribeiro, Rafaela Andrade do Nascimento, Mariana Carmen Apolinário Vieira, Saionara Maria Aires da Câmara, Álvaro Campos Cavalcanti Maciel	1678-4561,1413-8123	0	2.8	NA	A1	2020-02-03	2022-10-14	NA	10.1590/1413-81232020252.00972018	2022-11-01	2	2020-02	530	645-654	10.1590	FapUNIFESP (SciELO)	1	Crossref	46	46	3	journal-article	NA	25	NA	Ciênc. saúde coletiva	2020-02	NA	NA	NA
Response to comment: ischemic preconditioning and exercise performance: shedding light through smallest worthwhile	NA	http://dx.doi.org/10.1007/s00421-020-04329-1	NA	European Journal of Applied Physiology	NA	NA	NA	2020	NA	NA	NA	NA	NA	NA	NA	NA	NA	NA	NA	NA	NA	NA	Moacir Marocolo, Mario A. Moura Simim, Anderson Bernanrdino, Iury Reis Monteiro, Stephen Patterson, Gustavo R. Mota	1439-6319,1439-6327	0	5.8	1.016	A2	2020-02-20	2021-02-19	2020-04	10.1007/s00421-020-04329-1	2022-03-30	4	2020-02-20	297	939-940	10.1007	Springer Science and Business Media LLC	1	Crossref	5	5	0	journal-article	http://dx.doi.org/10.1007/springer_crossmark_policy	120	en	Eur J Appl Physiol	2020-02-20	NA	NA	NA
RESPONSES OF PLASMA ADIPOKINES TO HIGH INTENSITY INTERVAL TRAINING: SYSTEMATIC REVIEW	NA	http://dx.doi.org/10.1590/1517-869220202603213840	NA	Revista Brasileira de Medicina do Esporte	NA	NA	NA	2020	NA	NA	NA	NA	NA	NA	NA	NA	NA	NA	NA	NA	NA	NA	Geovani Messias da Silva, Mariane de Oliveira Sandes, Francisco Sérgio Lopes Vasconcelos-Filho, Davi Sousa Rocha, Roberta Cristina da Rocha-e-Silva, Carlos Alberto da Silva, Erica Carneiro Barbosa Chaves, Ivina Rocha Brito	1806-9940,1517-8692	0	0.8	NA	B1	2020-06-01	2021-01-23	NA	10.1590/1517-869220202603213840	2023-10-31	3	2020-06	530	262-266	10.1590	FapUNIFESP (SciELO)	1	Crossref	43	43	3	journal-article	NA	26	NA	Rev Bras Med Esporte	2020-06	NA	NA	NA
Responsiveness of Pelvic Floor Distress Inventory (PFDI-20) and Pelvic Floor Impact Questionnaire (PFIQ-7) after pelvic floor muscle training in women with stress and mixed urinary incontinence	NA	http://dx.doi.org/10.1016/j.ejogrb.2020.10.039	NA	European Journal of Obstetrics &amp; Gynecology and Reproductive Biology	NA	NA	NA	2020	NA	NA	NA	NA	NA	NA	NA	NA	NA	NA	NA	NA	NA	NA	Vilena Barros de Figueiredo, Cristine Homsi Jorge Ferreira, Jordana Barbosa da Silva, Gláucia Nunes Diniz de Oliveira Esmeraldo, Luiz Gustavo Oliveira Brito, Simony Lira do Nascimento, Patricia Driusso	0301-2115	0	4.0	0.78	A4	2020-10-22	2022-06-27	2020-12	10.1016/j.ejogrb.2020.10.039	2024-02-09	NA	2020-12	78	129-133	10.1016	Elsevier BV	1	Crossref	33	33	4	journal-article	http://dx.doi.org/10.1016/elsevier_cm_policy	255	en	European Journal of Obstetrics &amp; Gynecology and Reproductive Biology	NA	NA	NA	NA
Sedentary behavior is associated with disability and multimorbidity in older adults during the COVID-19 pandemic: a cross-sectional survey	NA	http://dx.doi.org/10.33448/rsd-v11i15.36104	NA	Research, Society and Development	NA	NA	NA	2022	NA	NA	NA	NA	NA	NA	NA	NA	NA	NA	NA	NA	NA	NA	Fabianna Resende de Jesus-Moraleida, Ana Carla Lima Nunes, Amabile Borges Dario, Juliana Souza de Oliveira, Mayle Andrade Moreira	2525-3409	0	NA	NA	C	2022-11-13	2022-11-13	NA	10.33448/rsd-v11i15.36104	2022-11-14	15	2022-11-09	19099	e40111536104	10.33448	Research, Society and Development	1	Crossref	0	0	0	journal-article	NA	11	NA	RSD	2022-11-09	NA	NA	NA
The Brazilian version of the Victorian Institute of Sport Assessment - Hamstring (VISA-H) Questionnaire: Translation, cross-cultural adaptation and measurement properties	NA	http://dx.doi.org/10.1016/j.msksp.2022.102516	NA	Musculoskeletal Science and Practice	NA	NA	NA	2022	NA	NA	NA	NA	NA	NA	NA	NA	NA	NA	NA	NA	NA	NA	Pedro Olavo de Paula Lima, Bianca Martins Lourenco, Lucas Valentim de Freitas, Thamiris Silva Nazareno, Nicola Maffulli, Rodrigo Ribeiro de Oliveira	2468-7812	0	3.9	0.755	A2	2022-01-31	2022-05-08	2022-04	10.1016/j.msksp.2022.102516	2022-05-08	NA	2022-04	78	102516	10.1016	Elsevier BV	1	Crossref	28	28	0	journal-article	http://dx.doi.org/10.1016/elsevier_cm_policy	58	en	Musculoskeletal Science and Practice	NA	NA	NA	NA
The World Health Organization Disability Assessment Schedule 2 (WHODAS 2.0): remarks on the need to revise the WHODAS	NA	http://dx.doi.org/10.1590/0102-311x00000519	NA	Cadernos de Saúde Pública	NA	NA	NA	2019	NA	NA	NA	NA	NA	NA	NA	NA	NA	NA	NA	NA	NA	NA	Shamyr Castro, Camila Ferreira Leite, Michaela Coenen, Cassia Maria Buchalla	1678-4464,0102-311X	0	4.2	0.765	A1	2019-07-27	2022-09-24	NA	10.1590/0102-311x00000519	2024-05-21	7	2019	530	NA	10.1590	FapUNIFESP (SciELO)	1	Crossref	57	57	5	journal-article	NA	35	NA	Cad. Saúde Pública	2019	NA	NA	NA
Thoughts on the discussion about the revision of the International Classification of Functioning, Disability and Health (ICF) scheme	NA	http://dx.doi.org/10.11606/issn.2317-0190.v26i4a169816	NA	Acta Fisiátrica	NA	NA	NA	2019	NA	NA	NA	NA	NA	NA	NA	NA	NA	NA	NA	NA	NA	NA	Shamyr Sulyvan Castro, Paulo Sergio Batista Almeida Filho, Mara Franklin Bonates, Maria Caroline Silva, Luciana Castaneda Ribeiro	2317-0190,0104-7795	0	NA	NA	B2	2020-11-04	2020-11-04	NA	10.11606/issn.2317-0190.v26i4a169816	2022-04-04	4	2019-12-31	4873	230-233	10.11606	Universidade de Sao Paulo, Agencia USP de Gestao da Informacao Academica (AGUIA)	1	Crossref	0	0	0	journal-article	NA	26	NA	Acta Fisiátr.	2019-12-31	NA	NA	NA
Time Course of Recovery for Performance Attributes and Circulating Markers of Muscle Damage Following a Rugby Union Match in Amateur Athletes	NA	http://dx.doi.org/10.3390/sports8050064	NA	Sports	NA	NA	NA	2020	NA	NA	NA	NA	NA	NA	NA	NA	NA	NA	NA	NA	NA	NA	Bruno Victor Corrêa da Silva, Mário Antônio de Moura Simim, Rodrigo Barboza da Silva, Edmar Lacerda Mendes, Bernardo Neme Ide, Moacir Marocolo, Jeffrey S. Martin, Gustavo R. Mota	2075-4663	0	9.9	0.787	B2	2020-05-18	2020-05-18	NA	10.3390/sports8050064	2024-05-27	5	2020-05-18	1968	64	10.3390	MDPI AG	1	Crossref	31	31	7	journal-article	NA	8	en	Sports	2020-05-18	NA	NA	NA
Uso da oxigenoterapia em pacientes agudos: uma revisão sistemática	NA	http://dx.doi.org/10.33233/fb.v20i6.2790	NA	Fisioterapia Brasil	NA	NA	NA	2019	NA	NA	NA	NA	NA	NA	NA	NA	NA	NA	NA	NA	NA	NA	Francisca Soraya Lima Silva, Carlos Augusto de Souza Moreira, Maria Bruna Madeiro Da Silva, Natalia Jacinto de Almeida Leal, Thiago Brasileiro De Vasconcelos	2526-9747,1518-9740	0	NA	NA	B2	2020-01-01	2024-04-02	NA	10.33233/fb.v20i6.2790	2024-04-02	6	2019-12-19	NA	809-818	10.62827	NA	1	Crossref	0	0	0	journal-article	NA	20	NA	Fisioter Bras	2019-12-19	NA	NA	NA
UTILIZAÇÃO DO MODELO BIOPSICOSSOCIAL NO ESTUDO DA ANATOMIA HUMANA NO CURSO DE FISIOTERAPIA: RELATO DE EXPERIÊNCIA	NA	http://dx.doi.org/10.18310/2358-8306.v6n11.a5	NA	CADERNOS DE EDUCAÇÃO, SAÚDE E FISIOTERAPIA	NA	NA	NA	2020	NA	NA	NA	NA	NA	NA	NA	NA	NA	NA	NA	NA	NA	NA	Kátia Virgínia Cardoso Virgínia Cardoso, Bruno Araújo Ferreira, Shamyr Sulyvan Castro	2358-8306	0	NA	NA	B2	2020-07-29	2023-10-02	NA	10.18310/2358-8306.v6n11.a5	2023-10-03	11	2020-03-31	7653	NA	10.18310	Associacao Brasileira da Rede Unida	1	Crossref	0	0	0	journal-article	NA	6	NA	Cad Edu Saude e Fis	2020-03-31	NA	NA	NA
Validação da versão brasileira do World Health Organization Disability Assessment Schedule 2.0 em idosos institucionalizados	NA	http://dx.doi.org/10.1590/1809-2950/20024628012021	NA	Fisioterapia e Pesquisa	NA	NA	NA	2021	NA	NA	NA	NA	NA	NA	NA	NA	NA	NA	NA	NA	NA	NA	Thais Cristina Grou, Shamyr Sulyvan de Castro, Camila Ferreira Leite, Mariana Thays Carvalho, Lislei Jorge Patrizzi	2316-9117,1809-2950	0	NA	NA	B1	2021-06-18	2021-06-18	NA	10.1590/1809-2950/20024628012021	2024-03-30	1	2021-03	530	77-87	10.1590	FapUNIFESP (SciELO)	1	Crossref	25	25	5	journal-article	NA	28	NA	Fisioter. Pesqui.	2021-03	NA	NA	NA
Validação da versão brasileira do World Health Organization Disability Assessment Schedule 2.0 em indivíduos HIV/AIDS	NA	http://dx.doi.org/10.1590/1413-81232020253.18992018	NA	Ciência &amp; Saúde Coletiva	NA	NA	NA	2020	NA	NA	NA	NA	NA	NA	NA	NA	NA	NA	NA	NA	NA	NA	Karolyne Stéfanie Sousa Barbosa, Shamyr Sulyvan de Castro, Camila Ferreira Leite, Franciele Rodrigues Nacci, Marilita Falangola Accioly	1678-4561,1413-8123	0	2.8	NA	A1	2020-03-06	2022-10-17	NA	10.1590/1413-81232020253.18992018	2024-06-07	3	2020-03	530	837-844	10.1590	FapUNIFESP (SciELO)	1	Crossref	28	28	10	journal-article	NA	25	NA	Ciênc. saúde coletiva	2020-03	NA	NA	NA
What is the most appropriate way to analyse the WHODAS 2.0 score?	NA	http://dx.doi.org/10.3233/ppr-200448	NA	Physiotherapy Practice and Research	NA	NA	NA	2021	NA	NA	NA	NA	NA	NA	NA	NA	NA	NA	NA	NA	NA	NA	Shamyr S. Castro, Anderson Fuentes Ferreira, Edgar G.M. Sampaio, Camilla M. Araujo, Thaissa H.M. Dantas, Diego de Sousa Dantas	2213-0683,2213-0691	0	0.7	0.193	NA	2021-04-23	2021-06-08	2021-06-07	10.3233/ppr-200448	2023-06-14	1	2021-06-07	7437	35-41	10.3233	IOS Press	1	Crossref	26	26	1	journal-article	NA	42	NA	PPR	NA	NA	NA	NA
World Health Organization Disability Assessment Schedule (WHODAS 2.0): validação para adultos com baixa visão	NA	http://dx.doi.org/10.18316/sdh.v9i1.6295	NA	Saúde e Desenvolvimento Humano	NA	NA	NA	2021	NA	NA	NA	NA	NA	NA	NA	NA	NA	NA	NA	NA	NA	NA	Angelica Emboaba Salomão, Camila Ferreira Leite, Shamyr Sulyvan Castro, Suraya Gomes Novais Shimano, Laís Sampaio Silveira, Karina Pereira	2317-8582	0	NA	NA	B2	2021-04-05	2021-04-05	NA	10.18316/sdh.v9i1.6295	2022-04-02	1	2021-02-26	7660	NA	10.18316	Centro Universitario La Salle - UNILASALLE	1	Crossref	0	0	0	journal-article	NA	9	NA	SDH	2021-02-26	NA	NA	NA
